experiment,100_samples:val_10%_accuracy,100_samples:val_10%_val_loss_mean,100_samples:val_10%_val_loss_final,100_samples:val_20%_accuracy,100_samples:val_20%_val_loss_mean,100_samples:val_20%_val_loss_final,100_samples:val_30%_accuracy,100_samples:val_30%_val_loss_mean,100_samples:val_30%_val_loss_final,500_samples:val_10%_accuracy,500_samples:val_10%_val_loss_mean,500_samples:val_10%_val_loss_final,500_samples:val_20%_accuracy,500_samples:val_20%_val_loss_mean,500_samples:val_20%_val_loss_final,500_samples:val_30%_accuracy,500_samples:val_30%_val_loss_mean,500_samples:val_30%_val_loss_final,1000_samples:val_10%_accuracy,1000_samples:val_10%_val_loss_mean,1000_samples:val_10%_val_loss_final,1000_samples:val_20%_accuracy,1000_samples:val_20%_val_loss_mean,1000_samples:val_20%_val_loss_final,1000_samples:val_30%_accuracy,1000_samples:val_30%_val_loss_mean,1000_samples:val_30%_val_loss_final,best_dataset_by_min_val_loss
lr0.10_decay1pct_bs16_layers100-50-25-3,1.0,0.035399477407865004,0.0015814074514487297,0.4,0.11012399216105438,0.10769795427563048,1.0,0.07054406469230935,0.028824650788369075,1.0,0.024689177752615768,0.00020928211526868883,1.0,0.017734702257142083,0.00010866230709850839,1.0,0.026451797274770428,0.0007183744849952756,1.0,0.012821784891150663,0.00010069307804457908,1.0,0.013311108989008193,7.859827124442083e-05,1.0,0.018373017791598546,0.00012194625081920261,1000_samples:val_10%
lr0.10_decay1pct_bs8_layers100-50-25-3,1.0,0.02956552109349122,0.0012780823827445644,1.0,0.022241949596618935,0.00024192376564204652,1.0,0.03242014556226334,0.0001992580018206554,1.0,0.017209041859397672,9.036488642182539e-05,1.0,0.019962694220729407,0.0002030208002190481,1.0,0.02099376437826629,0.0006085659400447371,1.0,0.019786939156487764,0.00013811949081008493,1.0,0.012405555667816641,3.320908084332247e-05,1.0,0.020182618290491606,0.00012637157394424178,1000_samples:val_20%
lr0.10_decay2pct_bs16_layers100-50-25-3,1.0,0.03539219724688157,0.0014158545876697874,1.0,0.03232815913189239,0.0003141961156354788,1.0,0.03075809973962143,0.0003653487013394363,1.0,0.018170465396646997,5.57338654162304e-05,1.0,0.016716892403645003,0.00011728135602870512,1.0,0.023627074415165743,0.0004958711655469492,1.0,0.016179003091399045,0.00012136647665496286,1.0,0.01221661879912142,9.287979000992573e-05,1.0,0.01287754760982514,6.745483611678726e-05,1000_samples:val_20%
lr0.10_decay2pct_bs8_layers100-50-25-3,1.0,0.033788796096150535,0.0013972763661263313,1.0,0.02516861249048835,0.0002508628239981911,1.0,0.028801731464843803,0.00027452848916291787,1.0,0.013068340519256002,3.0841257513844346e-05,1.0,0.012008648749832528,4.748427008809234e-05,1.0,0.017519608137406287,0.0003145639452637795,1.0,0.01624449996352739,0.00019332770027592208,1.0,0.012350820009398121,0.00013055708169632156,1.0,0.009591562177466975,4.233608073030099e-05,1000_samples:val_30%
lr0.10_decay5pct_bs16_layers100-50-25-3,1.0,0.03695095677202838,0.0014566950588982461,1.0,0.03319724208891752,0.00031565355344984264,1.0,0.033012574875367684,0.0003197961743448815,1.0,0.017764159031290194,5.218613025860938e-05,1.0,0.02582976427211515,0.00015295850567737467,1.0,0.029940740251345455,0.0006605853021318572,1.0,0.014083188086181843,0.0001181752671161157,1.0,0.017165481862092418,0.00016204479268523402,1.0,0.016959514278213485,0.00010378304750488359,1000_samples:val_10%
lr0.10_decay5pct_bs8_layers100-50-25-3,1.0,0.036856439496868496,0.0014878878317556607,1.0,0.02652044147637905,0.0002427814223760109,1.0,0.02965565484431038,0.00021613497506092817,1.0,0.025031439255428674,0.0002187462380062523,1.0,0.018613116297557932,0.00010222091389655215,1.0,0.016299967015235856,5.758686311404688e-05,1.0,0.01136606152751573,9.665066034575498e-05,1.0,0.010261265542046849,4.778401560005991e-05,1.0,0.01586508311855264,0.0001733543571491566,1000_samples:val_20%
lr0.10_decay1pct_bs16_layers100-50-20-3,1.0,0.03424351607576576,0.0013148341685796227,1.0,0.03414531832022408,0.0003422753727918118,1.0,0.030844764305031767,0.00047208294583804875,1.0,0.016886819170115676,5.926991862719882e-05,1.0,0.019297150031736234,0.00011309001363972874,1.0,0.022527533580308755,0.0001804310444251035,1.0,0.015546829525359322,0.0003141968362453024,1.0,0.01397376010157555,0.00012899214970502943,1.0,0.011793941781452929,0.00014043623304936523,1000_samples:val_30%
lr0.10_decay1pct_bs8_layers100-50-20-3,1.0,0.030471323941433447,0.001220356189769955,1.0,0.034561883171755306,0.0004458826149004662,1.0,0.02759431154958676,0.0002259125491579547,1.0,0.014698599898176583,6.523015385994603e-05,1.0,0.01808930777647937,0.0001504777081960191,0.9933333333333333,0.02075888143498144,0.0007899298379257377,1.0,0.021319193404678582,0.0002239286706031314,1.0,0.01280357087157844,6.149262318162199e-05,1.0,0.029180752426635096,0.0009225798942123901,1000_samples:val_20%
lr0.10_decay2pct_bs16_layers100-50-20-3,1.0,0.036746672952015794,0.0013728709075027112,1.0,0.03573629457380838,0.00035481598845502657,1.0,0.032087748603366786,0.00039667489854927895,1.0,0.015507225725952282,7.720617713981958e-05,1.0,0.029427668971638708,0.0006317430273024337,1.0,0.022522683493791117,0.0002513578326195852,1.0,0.01602631158031273,0.0001980716822960019,1.0,0.01783090004752924,0.0005226833434642806,1.0,0.013716339844920157,0.00012471989483833968,1000_samples:val_30%
lr0.10_decay2pct_bs8_layers100-50-20-3,1.0,0.034808714623870446,0.0013292950696066012,1.0,0.03848367688208789,0.0005229071514123926,1.0,0.030459459417411676,0.00024494594209816884,1.0,0.012937674186612062,4.034922780273471e-05,1.0,0.01758166603220374,0.00013235254266967598,1.0,0.017256617684947913,0.00016651586829026806,1.0,0.010628306919817162,8.8713075824279e-05,1.0,0.009555663293338068,4.647967064193044e-05,1.0,0.015019993607794699,0.0001265333815146876,1000_samples:val_20%
lr0.10_decay5pct_bs16_layers100-50-20-3,1.0,0.03831304639029694,0.001411456784214183,0.25,0.10987806776377096,0.10577890170657726,1.0,0.034770536655953296,0.00033968625894831067,1.0,0.020631346982328245,9.733485579179878e-05,1.0,0.01944108060401003,0.00010732959472221016,1.0,0.03035807518047273,0.0002834057503133474,1.0,0.013786793889615744,6.184350469617714e-05,1.0,0.02170013941004996,0.00015358578788343205,1.0,0.01544291227855478,0.0001475973495021588,1000_samples:val_10%
lr0.10_decay5pct_bs8_layers100-50-20-3,1.0,0.03789468127046657,0.0014114882799186488,1.0,0.04099282261520373,0.0005793703224141027,1.0,0.03077997825887807,0.0002201808704443652,1.0,0.018251751622659063,4.362779464438869e-05,1.0,0.023619396605094836,0.00019988386774473074,1.0,0.025766031742478684,0.00042095154340076446,1.0,0.013379807787710484,0.00012018919889782976,1.0,0.013890136167723464,7.361418993590152e-05,1.0,0.011336077485440278,0.00012073479925822076,1000_samples:val_30%
lr0.10_decay1pct_bs16_layers100-50-15-3,0.2,0.11993846038125336,0.11361240111007484,1.0,0.02850046084094312,0.0004695723442094491,1.0,0.032362481521927056,0.0005531316753597375,1.0,0.026524919569525362,0.0005329758405880651,1.0,0.017996560952777726,0.00014250579755518617,1.0,0.0175954639355712,0.00013156737684636913,1.0,0.01667693757931218,0.00022295000890834842,1.0,0.013255109313287335,0.00011251373703097133,1.0,0.013238884039600671,6.108277409096339e-05,1000_samples:val_30%
lr0.10_decay1pct_bs8_layers100-50-15-3,1.0,0.03625580534988242,0.0009438760436235524,1.0,0.026896092311909103,0.0005109732178400557,1.0,0.02999071669280924,0.00036759745759295474,1.0,0.013213154387204863,7.750586417959302e-05,1.0,0.01815659541302515,0.00019336566037991343,1.0,0.02167157719893657,0.0006621136216985248,1.0,0.014409113430239475,0.0002459005743912482,1.0,0.012466327203703425,0.00026412764976725797,1.0,0.011496474125460348,3.784573847260555e-05,1000_samples:val_30%
lr0.10_decay2pct_bs16_layers100-50-15-3,0.2,0.12028101266374361,0.11402091912629134,1.0,0.030576996561840757,0.0004978894708431564,1.0,0.0340385108726242,0.0005873540342033361,1.0,0.024333224788725377,0.00032343373642094715,1.0,0.023758241780744198,0.0002266759468935918,1.0,0.020389677909107097,0.00013964603903056282,1.0,0.014653758229383104,0.0001525679452509755,1.0,0.017046454804620623,0.0003276249226100665,1.0,0.020597820335272243,0.0005683589325613478,1000_samples:val_10%
lr0.10_decay2pct_bs8_layers100-50-15-3,1.0,0.04875534830755124,0.0019110350570301685,1.0,0.02772575440526859,0.0002686765285683156,1.0,0.03328425430123647,0.0004590065357867817,1.0,0.017833733585658297,0.00012186117187843654,1.0,0.01722424982726177,9.14963170745874e-05,0.9933333333333333,0.022756255819377156,0.0016285150087166462,1.0,0.018396001086469365,0.0004616653214188172,1.0,0.013225054009902197,6.435714460691944e-05,1.0,0.01258674383917744,0.0001646099752104641,1000_samples:val_30%
lr0.10_decay5pct_bs16_layers100-50-15-3,1.0,0.044232232586211555,0.0011288410974281183,1.0,0.031940788651281526,0.0008187379223011935,1.0,0.04106100467644555,0.0018609688331834048,1.0,0.02627218787606617,0.00020791717030250504,1.0,0.04170236411353009,0.001749029853756767,1.0,0.021375796087368726,0.00014772627653425975,1.0,0.026290689455116638,0.0008279922407216358,1.0,0.023408852034535407,0.0005137807386152573,1.0,0.01310227644545892,5.707803256618826e-05,1000_samples:val_30%
lr0.10_decay5pct_bs8_layers100-50-15-3,1.0,0.0568467198971377,0.0030356447960345383,0.25,0.11044046486575568,0.10755542300785714,1.0,0.02844076180198883,0.0004149575170615215,1.0,0.03926687943336695,0.0011596271748226274,1.0,0.01823445626051953,4.5014630092277026e-05,1.0,0.022694883176258847,0.00029964878208429486,1.0,0.008912619832956808,3.848564472622225e-05,1.0,0.015473698759109988,0.0004184157637188631,1.0,0.015598122860825046,0.0001794400626457047,1000_samples:val_10%
lr0.10_decay1pct_bs16_layers100-50-10-3,1.0,0.03533772263259589,0.0011415539066804814,1.0,0.039368723074043245,0.001995145173651974,1.0,0.03356081402488952,0.0005733629633655138,1.0,0.02803607848422233,0.0011582879251461056,1.0,0.02735732865276905,0.00030728692591153634,1.0,0.017311791536989328,0.00046259678166002166,1.0,0.02129648698739614,0.0004885602484329261,0.995,0.01730591329727669,0.0008749631305820729,1.0,0.01796622226858878,0.00029533955296720375,1000_samples:val_20%
lr0.10_decay1pct_bs8_layers100-50-10-3,1.0,0.030214719399759254,0.0010914041477346568,1.0,0.026847154414333343,0.0004948764934247172,1.0,0.025379389889703667,0.0004134589417710315,1.0,0.01278502648865497,9.545719127492311e-05,1.0,0.011730521595992043,0.002233053780999633,1.0,0.015582089865064654,0.0002044127013273167,1.0,0.009558464497426,6.040902160198451e-05,1.0,0.010225654740686091,0.0002574903022523741,1.0,0.019014951191400942,0.0003488866699113258,1000_samples:val_10%
lr0.10_decay2pct_bs16_layers100-50-10-3,1.0,0.03614637508445894,0.001113995947841591,1.0,0.03438618939706984,0.0008356753895169844,0.6,0.11028176910402702,0.10727368397298286,1.0,0.020768823869306497,0.0001785358167524871,1.0,0.02608594533804908,0.0012375059352284256,1.0,0.018369447786557837,0.00011821645035500182,0.99,0.011456735903628931,0.002369065539852269,1.0,0.011547258274954253,6.978306615374637e-05,1.0,0.024019705277591397,0.0005942780555600946,1000_samples:val_10%
lr0.10_decay2pct_bs8_layers100-50-10-3,1.0,0.03160505403094355,0.0010670746936386412,1.0,0.02477979531128742,0.000320059670482833,1.0,0.0355206829999576,0.00040534213265616296,1.0,0.022081497595675553,0.001158621891503375,1.0,0.018671299524127927,0.0004140951481195773,1.0,0.028890010050395168,0.0016376137114276716,1.0,0.008579278221110272,9.386432930430925e-05,1.0,0.014340134659161308,0.00021575836977628297,0.9966666666666667,0.01574545869417254,0.001041690910729276,1000_samples:val_10%
lr0.10_decay5pct_bs16_layers100-50-10-3,0.2,0.11551372761611395,0.1139889711693211,1.0,0.03407026997307678,0.0005555246812264348,1.0,0.07352811183866732,0.029053487583835805,1.0,0.04171164651649704,0.0021645178423161555,0.97,0.0303676925830637,0.006125507218157835,1.0,0.023453622047753482,0.0004618550741787008,1.0,0.022537499375642544,0.0003945314840921585,1.0,0.03242352654972662,0.0016135057583281306,1.0,0.028017760087290768,0.0005245690002641282,1000_samples:val_10%
lr0.10_decay5pct_bs8_layers100-50-10-3,1.0,0.03371013125537114,0.0010781213651011993,1.0,0.026867565679972703,0.0003390357128629757,1.0,0.03691983307578099,0.00042309321953390677,1.0,0.01283757003696275,0.00025693353697552447,1.0,0.023837254700087015,0.00019578369393220916,0.9933333333333333,0.028619163646897004,0.0022044760072843276,1.0,0.015706234152900404,0.00028167909767904255,1.0,0.011863191868589095,0.0005851861151149739,1.0,0.012117742462898332,0.0005266892968257316,1000_samples:val_20%
lr0.10_decay1pct_bs16_layers100-50-5-3,0.8,0.0727967872141509,0.03948170715893455,1.0,0.03852766791012938,0.0019587152545640476,0.5,0.11390454203493723,0.10864302490480765,0.68,0.07916766771586675,0.06335552581281126,0.68,0.07444454099626639,0.0620697010643826,1.0,0.03214141377244938,0.0018486037606292808,0.96,0.023161980286483905,0.012778066940939302,0.975,0.014216983854735115,0.00662431618564256,1.0,0.021291033639371584,0.0021821038514167205,1000_samples:val_20%
lr0.10_decay1pct_bs8_layers100-50-5-3,0.8,0.05971907369404742,0.034068547279108144,1.0,0.05837598641111226,0.01651194270444736,0.7,0.0831621430944981,0.060167704320543476,1.0,0.018721706672771923,0.0003026325218912937,1.0,0.01941371633824935,0.0005376780554593027,0.9933333333333333,0.02117355499260774,0.0015196626735494562,0.97,0.005438880757025711,0.004660246787354714,1.0,0.01900779937998172,0.0007263705768270433,0.9933333333333333,0.004654370044302698,0.0016808252928663093,1000_samples:val_30%
lr0.10_decay2pct_bs16_layers100-50-5-3,0.8,0.06457102195872635,0.03624144927885564,0.95,0.07942757925550088,0.042262205263107006,1.0,0.056923574610139534,0.010059263593259454,0.94,0.03030124359602696,0.017208136523773534,1.0,0.023830726469515368,0.0016310115470736498,0.9133333333333333,0.04144937414193913,0.022101882358122275,1.0,0.02485989763061344,0.0008245324015025162,0.95,0.031181429287049468,0.015695784273063035,0.9966666666666667,0.03416389943483466,0.002375203063155793,500_samples:val_20%
lr0.10_decay2pct_bs8_layers100-50-5-3,0.9,0.04925344438568808,0.043975992844310495,1.0,0.04867867992280975,0.004220384932945795,0.9666666666666667,0.05962910955690318,0.012628494810456251,1.0,0.02520180205839929,0.0019124387376074606,1.0,0.020020611456027265,0.0007283191495106436,1.0,0.025940175043296453,0.0010216386790636493,1.0,0.013028972851816248,0.0015490323119365923,0.995,0.009895056312284238,0.0015200085879520586,1.0,0.01711608350612241,0.0011827864021155478,1000_samples:val_20%
lr0.10_decay5pct_bs16_layers100-50-5-3,0.6,0.0975247528953979,0.06355610857019925,1.0,0.03882270062520756,0.0025310981142345973,0.8333333333333334,0.0813599945800123,0.05432006626327939,1.0,0.02253020073078222,0.001275925232544814,1.0,0.030488713935300244,0.005448763132199605,0.9933333333333333,0.05011705156258559,0.006420715363854259,1.0,0.01981902140935821,0.0013205617654616847,1.0,0.02260321201429378,0.0004797698967908169,1.0,0.029594805388551523,0.0010425356194209393,1000_samples:val_10%
lr0.10_decay5pct_bs8_layers100-50-5-3,0.8,0.09314296252814654,0.057834119163501604,1.0,0.05028573468087842,0.008126197247491298,0.26666666666666666,0.1118806334192054,0.11107928056912787,0.96,0.038151390227493795,0.013078416391705745,1.0,0.010599599072592773,0.0005458921020777972,1.0,0.027320103240900975,0.0006760874743464775,0.99,0.019862542187036834,0.00337566726007755,1.0,0.014459252825663354,0.0011620775216748924,0.9766666666666667,0.012426051212873311,0.007171619461849904,500_samples:val_20%
lr0.10_decay1pct_bs16_layers100-40-25-3,1.0,0.0372842661792136,0.0014713712292655514,0.25,0.12101073254482107,0.11055677153023753,1.0,0.032832195121269496,0.000411621628176578,1.0,0.015314537369464445,7.166122823194187e-05,1.0,0.01636734020180165,5.9507683176405785e-05,1.0,0.02218084455111526,0.00036359642515691097,1.0,0.016493604603767868,0.0001341085676812868,1.0,0.009335642876115886,0.00013366821225605242,1.0,0.014946000499148099,5.4815979160063336e-05,1000_samples:val_20%
lr0.10_decay1pct_bs8_layers100-40-25-3,1.0,0.032407144894758745,0.0013182382177098866,1.0,0.02385820891092824,0.00024744812815857885,1.0,0.02426482211128353,0.00022652142840665887,1.0,0.012842086970236814,2.8619777262327527e-05,1.0,0.016969350740075363,0.000124251575071667,1.0,0.021835056482999025,0.0006241849894186665,1.0,0.012499135154854246,8.89999844278376e-05,1.0,0.010190013320971176,7.104521817185574e-05,1.0,0.017647256703707644,0.0001840423313331379,1000_samples:val_20%
lr0.10_decay2pct_bs16_layers100-40-25-3,1.0,0.0398173081878962,0.001546589340849142,1.0,0.03332370406886863,0.00031406701351774943,1.0,0.030556267616356412,0.0003872777753664003,1.0,0.014711388294816285,4.993104622680961e-05,1.0,0.02271221487457553,0.00011355091606778075,1.0,0.025557260924904852,0.0004319477251410477,1.0,0.013838351986476337,7.829962501089535e-05,1.0,0.012831012343460542,6.2762210377649e-05,1.0,0.015772180178810925,8.379203020475002e-05,1000_samples:val_20%
lr0.10_decay2pct_bs8_layers100-40-25-3,1.0,0.037041020447382875,0.001448160523323238,1.0,0.02659174368899759,0.0002520180408963358,1.0,0.03307324271293616,0.00022985690094628504,1.0,0.019487670444158944,0.00012204862976307357,1.0,0.01516721836164059,0.00010996499097636959,1.0,0.02217302376715897,0.0001638112787618161,1.0,0.009825969904283995,4.9544329110621695e-05,1.0,0.013545415985314694,0.00011078677730797079,1.0,0.010622864599695026,3.6301191813453145e-05,1000_samples:val_10%
lr0.10_decay5pct_bs16_layers100-40-25-3,1.0,0.0413706979029033,0.0015948254926132547,1.0,0.03430427399038718,0.00032003850441938704,0.4,0.11250153221152336,0.10891288837286872,1.0,0.025577207386243247,0.00010962379350688679,1.0,0.03314706025757355,0.0002693993968493728,1.0,0.03270010583277659,0.0006526756555711951,1.0,0.014447191892163412,7.650462033364343e-05,1.0,0.017494453050147938,0.00014085436330005713,1.0,0.022635555479284447,0.0002550508867908578,1000_samples:val_10%
lr0.10_decay5pct_bs8_layers100-40-25-3,0.2,0.11079684087128973,0.10573516664501974,1.0,0.02830119758180821,0.00023856047299389418,1.0,0.035224758491197224,0.00028898596487059505,1.0,0.01529804997696421,4.131775626281562e-05,1.0,0.02243935393843056,0.00011642145555200118,1.0,0.018359953921892363,0.00021826261613729043,1.0,0.011112941207635004,6.022155367389994e-05,1.0,0.009885448101427361,8.556012057802451e-05,1.0,0.009796892153096207,7.232389486182095e-05,1000_samples:val_30%
lr0.10_decay1pct_bs16_layers100-40-20-3,1.0,0.029637252314647977,0.0004723917139683951,1.0,0.03592586875107797,0.0003367843994049735,1.0,0.04688600401116875,0.0017607210328538492,1.0,0.012715033610749391,7.039766782992286e-05,1.0,0.018724435593161018,7.672107723596338e-05,0.9933333333333333,0.024881347033648856,0.0013132080748439162,1.0,0.01355619298653775,8.528178507808907e-05,1.0,0.01279795001449049,5.424890366679781e-05,1.0,0.015149740014526287,9.900319337545336e-05,500_samples:val_10%
lr0.10_decay1pct_bs8_layers100-40-20-3,1.0,0.02316420528219913,0.00034513528338554983,1.0,0.029278834684779993,0.0006206554255806522,0.9666666666666667,0.0844301761253091,0.06345633566778622,1.0,0.017713076227486135,0.00013597159179823927,1.0,0.013606756921226548,3.832132067824378e-05,1.0,0.012303172928038668,0.00016882918292629356,1.0,0.013900037825828111,4.683699432311715e-05,1.0,0.011610589856777888,7.280715218335355e-05,1.0,0.015182433759744453,8.004774251582477e-05,1000_samples:val_20%
lr0.10_decay2pct_bs16_layers100-40-20-3,1.0,0.03210255925594293,0.0005027262410038894,1.0,0.03773792696970511,0.00036166942901296665,1.0,0.04820407469313581,0.001758578417425782,1.0,0.028139313183558355,0.0002451833767856382,1.0,0.022326297190237623,8.393874193231906e-05,1.0,0.02034223772904008,0.00014527910045234702,1.0,0.012405560354380129,0.00013722317907381744,1.0,0.014178934326750312,0.00015162507962453587,1.0,0.01670527574593972,0.00015290770610261543,1000_samples:val_10%
lr0.10_decay2pct_bs8_layers100-40-20-3,1.0,0.026673253912941116,0.0003713870952207946,1.0,0.04151790487468425,0.001032974827877209,1.0,0.026236123834907,0.0001969760792038198,1.0,0.01360290318641679,6.272655254290463e-05,1.0,0.014329023795402369,3.8015165357807424e-05,1.0,0.015764310786759026,8.762157266838063e-05,1.0,0.011408082451783824,9.554538636560986e-05,1.0,0.013614507790360695,0.0001513916873757207,1.0,0.00928437751512773,4.5157141218528585e-05,1000_samples:val_30%
lr0.10_decay5pct_bs16_layers100-40-20-3,1.0,0.033622653938172486,0.0005225350943557604,1.0,0.037184980208754645,0.0003126338850521689,1.0,0.08737066048915676,0.05766073863904256,1.0,0.029016998754938676,0.00031045447502693477,1.0,0.022266350782654022,0.00011097010781942516,1.0,0.03224738609687869,0.00039725819104717683,1.0,0.027078271348666947,0.0007309810071790233,1.0,0.021077906309186826,0.0001689460862067789,1.0,0.016949001038248902,4.784754670473408e-05,1000_samples:val_30%
lr0.10_decay5pct_bs8_layers100-40-20-3,1.0,0.029353610333297198,0.00039490788713284115,1.0,0.04420417789574945,0.0011910287997380215,1.0,0.027213957934628115,0.00018738457841334532,1.0,0.013738078308443138,5.2431908527066906e-05,1.0,0.013792203219248048,3.620474588584853e-05,1.0,0.020980012172565735,0.00022172654574786362,1.0,0.007003603995063351,6.171296004165409e-05,1.0,0.018006275525905228,0.0001716679316421701,1.0,0.013858780390337264,0.00010949937881293556,1000_samples:val_10%
lr0.10_decay1pct_bs16_layers100-40-15-3,1.0,0.027651958945777065,0.0003005021382678093,1.0,0.03293941536092228,0.0009517565743100276,1.0,0.051306113779115335,0.004870356830222046,1.0,0.01850634246090423,0.0001539197263850653,1.0,0.029187401775333677,0.0012351338228554604,1.0,0.02903672475405307,0.000293127280299974,1.0,0.009548795396722586,0.00010491254026639922,1.0,0.016496116243992723,0.0001586445773756658,1.0,0.015909315935100747,5.267684666121429e-05,1000_samples:val_10%
lr0.10_decay1pct_bs8_layers100-40-15-3,1.0,0.021792164962177334,0.00022028020069365925,1.0,0.028508416893258705,0.00019725053018409145,1.0,0.026521789295816348,0.0003242440041511455,1.0,0.024691704984741,0.00018981979416038668,1.0,0.012797027429898297,5.5722463973159e-05,1.0,0.014028390865797135,0.00028709324563458557,1.0,0.01353436111777993,0.00017812453412730021,1.0,0.012853297560538315,0.00035093013429397893,1.0,0.011040353048813688,5.2459944009535764e-05,1000_samples:val_30%
lr0.10_decay2pct_bs16_layers100-40-15-3,1.0,0.0297855739704684,0.00031349686297456016,1.0,0.03683668215321491,0.00046460431287386497,1.0,0.036690077984283476,0.0005942144074909292,1.0,0.03106985516186611,0.0006970722177401181,1.0,0.026781859431290536,0.000353653905504146,1.0,0.02855276030356873,0.0009167748570212851,1.0,0.02222476290026738,0.00037115530513191254,1.0,0.01649852736155533,0.00020392296631602168,1.0,0.020084496989222954,0.00038163859604416444,1000_samples:val_20%
lr0.10_decay2pct_bs8_layers100-40-15-3,1.0,0.023530300340561937,0.00018849709174890105,1.0,0.028948395937386285,0.00023190000582800258,1.0,0.026917917477374067,0.00032726145227229283,1.0,0.018330937939533668,6.531233281793726e-05,1.0,0.012667102050719225,7.888376161672396e-05,0.9666666666666667,0.044284755603672135,0.011659107704304294,1.0,0.009472145563583402,3.75220656304367e-05,1.0,0.011682949487396583,6.406142998429721e-05,1.0,0.01079368981634925,6.654294550100431e-05,1000_samples:val_10%
lr0.10_decay5pct_bs16_layers100-40-15-3,1.0,0.031275229062517826,0.0003268577214049207,1.0,0.03725783480376742,0.000452179580265082,1.0,0.03637144667008723,0.0012538076726245468,1.0,0.03494904553702798,0.0005610194046595968,1.0,0.030298282314230762,0.00014420760825109154,1.0,0.02250754918734784,0.00021244540171221348,1.0,0.015508059117355618,0.0002179165212844486,1.0,0.017217376101827723,0.00043834108717065494,1.0,0.01836540994713798,0.0001666970685839377,1000_samples:val_10%
lr0.10_decay5pct_bs8_layers100-40-15-3,1.0,0.026010029221421274,0.00020115652796300643,1.0,0.030193696207993857,0.00023206810759218805,0.8666666666666667,0.10985813063713279,0.10683389119100944,1.0,0.020969266930321733,7.342341449835203e-05,1.0,0.015431636254765315,4.990398748478679e-05,0.9933333333333333,0.024080390246248105,0.0012686770078630149,1.0,0.012273854332081693,3.9997136779454005e-05,1.0,0.01687645028892778,0.00011101562635399616,1.0,0.01673355886873554,0.0001245747624791977,1000_samples:val_10%
lr0.10_decay1pct_bs16_layers100-40-10-3,1.0,0.03331295821113698,0.0003660819091709514,1.0,0.033775446370731745,0.0004786180474081303,1.0,0.0650122970635192,0.010289321249984442,1.0,0.023866112637657585,0.00034764956630155177,1.0,0.024263717986199283,0.0001778432162617174,1.0,0.03913936441990503,0.002365076904691922,1.0,0.012677188224063898,6.71828516742802e-05,0.99,0.03510546728222941,0.005177835109077602,0.9966666666666667,0.03701023292557921,0.003741799847189807,1000_samples:val_10%
lr0.10_decay1pct_bs8_layers100-40-10-3,1.0,0.025219532651521437,0.00022206486029349362,1.0,0.047328292553561115,0.004095333513607897,1.0,0.026273960340432497,0.0003849706839564017,1.0,0.028458672475390027,0.0006833332391681972,1.0,0.013802266876613716,0.00023498000420215076,1.0,0.026779011080627167,0.0011433525180450598,1.0,0.02037961704256924,0.0005230656671570944,0.995,0.008214077285765663,0.00074494712989799,1.0,0.024004170261725848,0.0005229689504517989,1000_samples:val_20%
lr0.10_decay2pct_bs16_layers100-40-10-3,1.0,0.034690092168363856,0.0003622506486882892,1.0,0.03888173132019258,0.0006126013974986622,1.0,0.03077737140192866,0.0004367887963994321,1.0,0.028764556624932013,0.0010476901540013405,1.0,0.01769347376379383,0.00017702194016250904,1.0,0.023934868884044544,0.000388305449140585,1.0,0.01935397179558867,0.0006602425592384767,1.0,0.015211993941374694,0.00027179364526407854,1.0,0.017686191584858228,0.00017411546833813913,1000_samples:val_20%
lr0.10_decay2pct_bs8_layers100-40-10-3,1.0,0.02788248149270745,0.00022274196111977143,1.0,0.028968269804769887,0.0007466588839858942,1.0,0.026658287089318024,0.0008669961028818399,1.0,0.017119882949409172,9.275898168792857e-05,1.0,0.016253248349542847,8.588942480082865e-05,1.0,0.022243216975594223,0.0007097708014407996,1.0,0.016034949132292413,0.000336876853655766,1.0,0.008618351291567896,4.098443798302397e-05,1.0,0.011714400483746794,0.0002841367554504247,1000_samples:val_20%
lr0.10_decay5pct_bs16_layers100-40-10-3,1.0,0.03539503370789443,0.00035638636222719516,0.45,0.1085108712769294,0.10583442039084046,1.0,0.0490878315129801,0.0030874525487046165,1.0,0.024442936476779788,0.0005139702127970333,1.0,0.048775391981769875,0.002070284916609188,0.9933333333333333,0.030465971764900644,0.004073272189868367,1.0,0.026750360269729687,0.0015464261960831908,1.0,0.030956608786246093,0.0011601596151101592,1.0,0.01166141999768816,0.00013364427980704552,1000_samples:val_30%
lr0.10_decay5pct_bs8_layers100-40-10-3,1.0,0.029680886316424956,0.00022722719522634788,1.0,0.026905887848265718,0.0008690523689525029,0.5666666666666667,0.11244862159556375,0.10831954504344753,1.0,0.02441690631952769,0.0006800308722536445,1.0,0.022438979732224505,0.0001543067645102715,1.0,0.024540910293883618,0.0009063899503079779,1.0,0.01629914016658344,0.000660713102238461,1.0,0.016696372469036356,0.00038901664524830314,1.0,0.024818593276549235,0.0003011371883221568,1000_samples:val_10%
lr0.10_decay1pct_bs16_layers100-40-5-3,1.0,0.052831323417008705,0.012375760730481668,0.55,0.08929536923964443,0.06283741653848274,0.9333333333333333,0.07484336219512334,0.03981276996495748,1.0,0.03821034465710276,0.005788069722939571,1.0,0.05782804676448367,0.018674401230142842,0.9866666666666667,0.031149944378173196,0.0031413833965184745,0.97,0.01439891595408055,0.009688773849533906,0.965,0.02701391070181973,0.011721520924295587,0.97,0.04161449026337492,0.010344403471020497,1000_samples:val_10%
lr0.10_decay1pct_bs8_layers100-40-5-3,0.9,0.04265489974263646,0.012303225656788678,1.0,0.0300462970896711,0.0009158861927061592,0.9666666666666667,0.03949582028906206,0.007722486758078059,1.0,0.01819646626513116,0.0007118496076017144,0.99,0.018487191417678614,0.00398480853157425,0.96,0.03282368701210356,0.010232987339842443,1.0,0.013853052067903873,0.0014026199335999904,1.0,0.010393803709234888,0.0015501662969331,1.0,0.013561005543437822,0.0005094030953870684,1000_samples:val_20%
lr0.10_decay2pct_bs16_layers100-40-5-3,1.0,0.05330768037245234,0.012151195881406271,0.25,0.11117510155952479,0.10822656406257096,1.0,0.04385066899551319,0.00482959452066976,0.96,0.026721965607726522,0.011962013348019294,0.66,0.08069955495541062,0.06549392960270013,0.9933333333333333,0.03242074929366379,0.001739276750362711,0.98,0.031381475900548,0.00643884813752717,0.995,0.02419745207125139,0.0020778455339164116,0.97,0.015862539923712792,0.009045911566553655,1000_samples:val_30%
lr0.10_decay2pct_bs8_layers100-40-5-3,0.9,0.052325123838922585,0.013121905246749662,0.8,0.08102562631805221,0.06301549305450509,1.0,0.03978912389697093,0.0019318321016384662,1.0,0.02284235060091384,0.0007488975059392026,1.0,0.020137168684637125,0.0004405393808680732,1.0,0.02404376218144016,0.0019823359802520145,1.0,0.022008968532765873,0.0018949732512559881,0.98,0.020202736454960457,0.007319273893786076,0.9733333333333334,0.01437978903934234,0.008342935956559386,1000_samples:val_30%
lr0.10_decay5pct_bs16_layers100-40-5-3,1.0,0.057110236394992235,0.012667538848853518,0.35,0.10969084104093633,0.10793370475582993,1.0,0.057511558761150626,0.0047983740901543755,1.0,0.01725180710836075,0.003400200019485523,0.99,0.04750220336584812,0.006859393049077814,1.0,0.033879471276217196,0.0034926072329643353,0.99,0.0323217930073794,0.004508883597461037,1.0,0.01870326327635013,0.0006883943496822447,0.9933333333333333,0.024021317149403743,0.0019526131566390164,500_samples:val_10%
lr0.10_decay5pct_bs8_layers100-40-5-3,0.9,0.05260961050993452,0.01283763104000924,0.95,0.0596175183235593,0.017420651457949167,1.0,0.050861408896815036,0.0055118358041121645,1.0,0.029075742720837763,0.0015629240381591623,1.0,0.033513649769578414,0.0027396496767605172,0.98,0.046282079135630136,0.010752418767919906,0.98,0.016712347521717658,0.0038954173177450173,0.995,0.009783807232314987,0.001575391855684608,0.9966666666666667,0.006939493547507109,0.0010678930040047218,1000_samples:val_30%
lr0.10_decay1pct_bs16_layers100-30-25-3,1.0,0.035347255734386386,0.00028891306548083984,1.0,0.037264257468990036,0.0003013730176242357,1.0,0.03149280365570462,0.00029408428163544507,1.0,0.014219054479014037,6.507001488469174e-05,1.0,0.023086430458873968,0.00020966998199988262,1.0,0.019881845697879017,0.0002576706863358254,1.0,0.013120903963841543,6.61929751049871e-05,1.0,0.01610329483235922,0.00012103154694931017,1.0,0.011850205016544338,4.847061157602763e-05,1000_samples:val_30%
lr0.10_decay1pct_bs8_layers100-30-25-3,1.0,0.02854806509358905,0.00018863251021997835,1.0,0.03062839599880182,0.0002461167892582465,1.0,0.02520927625299714,0.0001974014319346856,1.0,0.01908242365454927,9.432132632848956e-05,1.0,0.015004299172456353,0.00011697887974160628,1.0,0.019097919741728,0.00016624078204708075,1.0,0.014976640675931144,0.00014826438548756217,1.0,0.011114937261517719,2.9107629290826016e-05,1.0,0.01697374566143969,0.00010020328504192517,1000_samples:val_20%
lr0.10_decay2pct_bs16_layers100-30-25-3,1.0,0.03754996563958041,0.0003088711450986125,1.0,0.037392070078468606,0.00033821882503525566,1.0,0.08322796059882168,0.04775757820223561,1.0,0.02010740171561838,7.628581898837354e-05,1.0,0.025788845959225027,0.00012217777131208674,1.0,0.02224218573653612,0.00014107846800639486,1.0,0.014251239728411079,8.173833140679626e-05,1.0,0.012651718420823006,0.00020166314094608416,1.0,0.01700745985584614,8.973688609090732e-05,1000_samples:val_20%
lr0.10_decay2pct_bs8_layers100-30-25-3,0.2,0.11296893085521785,0.11076342774751742,1.0,0.02811954220158578,0.00026416006669732013,1.0,0.028259735981603158,0.0003176111851351555,1.0,0.019811263576461752,0.00015252677168330783,1.0,0.021467613678667608,0.0001573290639387958,1.0,0.01488082469523507,9.026342729531877e-05,1.0,0.008324757166800196,3.731744581285945e-05,1.0,0.009100779997160444,4.965580902304085e-05,1.0,0.020101762012397977,0.00027622181148823446,1000_samples:val_10%
lr0.10_decay5pct_bs16_layers100-30-25-3,1.0,0.037848133449059254,0.0002880158197715182,0.25,0.10912897818997039,0.10783960798379504,1.0,0.03615640402051301,0.00048329857563495654,1.0,0.02265045664616437,0.0001238781691775946,1.0,0.021654449670202452,0.00010051142486760765,1.0,0.022681292112942036,0.00025826788700690755,1.0,0.023020425607267424,0.00047461192874332785,1.0,0.021200768841983894,0.00015819274542697436,1.0,0.017991924925249772,8.13734141849676e-05,1000_samples:val_30%
lr0.10_decay5pct_bs8_layers100-30-25-3,1.0,0.03267931613017942,0.00018093014356980304,1.0,0.028352185436700927,0.00019579159686603127,1.0,0.03444232431208192,0.0003074079211479192,1.0,0.01889958406456078,0.00011148569976371363,1.0,0.018979214852688022,8.388207921667964e-05,1.0,0.015461257142399655,8.367648660561458e-05,1.0,0.010075209447008496,4.270995226548561e-05,1.0,0.01635316586239835,0.00010442905347649495,1.0,0.01082675790657359,0.00018161033072959106,1000_samples:val_10%
lr0.10_decay1pct_bs16_layers100-30-20-3,0.2,0.11264580985124958,0.10714917229360862,0.5,0.10774907096894662,0.10396484862813615,1.0,0.03262756432527269,0.0005206530534079819,1.0,0.03434185783813946,0.0011732639289941224,1.0,0.01644322474335345,0.00013758008213712078,1.0,0.027262927009175878,0.0006114124743437247,1.0,0.014205649254587886,6.189559341557089e-05,1.0,0.01072786662955771,0.00015249087534607595,1.0,0.011889571888227627,5.602526210236371e-05,1000_samples:val_20%
lr0.10_decay1pct_bs8_layers100-30-20-3,1.0,0.02526002290908345,0.0005481726742431077,1.0,0.02584027141272268,0.00023677366794909926,1.0,0.02885162332631131,0.0002356426206029772,1.0,0.022968887401240964,0.0001637710984984027,1.0,0.01992740395472455,0.00015739907539410374,0.9933333333333333,0.020775646873322312,0.0009184898377509937,1.0,0.012279117190431224,0.000249686069514326,1.0,0.01128129534866394,4.4118311391477037e-05,1.0,0.012252326248128513,5.013561514963796e-05,1000_samples:val_20%
lr0.10_decay2pct_bs16_layers100-30-20-3,1.0,0.03317977626759138,0.0006679162469148926,0.25,0.10800752637593837,0.1047873230199698,0.36666666666666664,0.11350941393184949,0.1086509966048592,1.0,0.026040782310513783,0.0005495999792244119,1.0,0.01809413044839446,7.100711289100109e-05,1.0,0.022312192300971957,0.0004364268053898888,1.0,0.01604258470213777,0.00010494473630687261,1.0,0.0165481010800166,0.0001885161844700751,1.0,0.017217837060437946,0.00010618591575840326,1000_samples:val_10%
lr0.10_decay2pct_bs8_layers100-30-20-3,1.0,0.02783441007380019,0.0005647705663157886,0.25,0.1095450114251359,0.10685107175883288,1.0,0.02977047172998009,0.0002368583288783595,1.0,0.027506639777611457,0.0006074444899062925,1.0,0.016125915260108814,6.21566885876675e-05,1.0,0.017297902948441676,0.0004094424035275314,1.0,0.011545249119928578,0.00012792312578422305,1.0,0.009599413100885842,5.918789498181427e-05,1.0,0.012021487382138795,6.736724824273528e-05,1000_samples:val_20%
lr0.10_decay5pct_bs16_layers100-30-20-3,1.0,0.03449494181225114,0.0006810538117526174,0.25,0.10993050726774407,0.10892196417868934,1.0,0.033420631401192384,0.0004224082385644835,1.0,0.023132291749218107,8.488997090065465e-05,1.0,0.0380350151052073,0.0004541803927682299,1.0,0.01737306174668847,0.00012772693560581086,1.0,0.026087462696437313,0.0004642753733974795,1.0,0.0218291014572528,0.000192978287839757,1.0,0.028643726053963665,0.0006460192842304293,500_samples:val_30%
lr0.10_decay5pct_bs8_layers100-30-20-3,1.0,0.02955295824865024,0.0005601979732135887,1.0,0.029588824768197453,0.00027983587368773965,1.0,0.035176648941863176,0.0003311744520542583,1.0,0.013640124833919262,5.004034797908102e-05,1.0,0.022572451459372984,9.089554534742426e-05,1.0,0.017442751671315333,9.428382062396986e-05,1.0,0.013076709606049461,0.00010931067063607098,1.0,0.01088255992691676,3.5096116982650194e-05,1.0,0.014471929194554376,0.0001732073745084877,1000_samples:val_20%
lr0.10_decay1pct_bs16_layers100-30-15-3,1.0,0.03351407534304184,0.0005305159590582056,1.0,0.03773226900498739,0.0007690948064498994,1.0,0.05253357787820758,0.004256823473537434,1.0,0.024494790223638756,0.00043248746868672827,1.0,0.023397388516609392,0.0004980796691026616,1.0,0.020953550910404937,0.000422533888831959,1.0,0.01083568887847283,8.116598530502745e-05,1.0,0.010444300527881763,0.0008808496662143725,1.0,0.019908903183876624,0.00033766209583026047,1000_samples:val_20%
lr0.10_decay1pct_bs8_layers100-30-15-3,1.0,0.02689947617709007,0.00040074301812957294,1.0,0.02665742011842383,0.0003740485811574631,1.0,0.030828444492230916,0.0003316004282843077,1.0,0.01228244890313703,6.298731354136716e-05,1.0,0.017054593905150697,7.060189332771693e-05,1.0,0.018736685873840152,0.0005675665513991273,1.0,0.018009636247947425,0.0009973050640723913,1.0,0.01150389897109589,0.00026373812219263564,1.0,0.020012049490850184,0.0002424472441863583,1000_samples:val_20%
lr0.10_decay2pct_bs16_layers100-30-15-3,0.2,0.1166558166187163,0.11353863773622093,1.0,0.038805103148836284,0.0010489977149399257,0.6,0.11145812498091211,0.10904110210506288,1.0,0.03053336148859898,0.0003747360069633521,1.0,0.017046119716191407,0.00011305568321619626,1.0,0.033306787118476844,0.0006256385963103946,1.0,0.010793483060121636,0.00011432560404067643,1.0,0.024297666020879873,0.0006591051991375934,1.0,0.017688606903142844,7.585834355091386e-05,1000_samples:val_10%
lr0.10_decay2pct_bs8_layers100-30-15-3,1.0,0.02926946385344084,0.000398151245560905,1.0,0.0410232690078842,0.0006468003403103152,1.0,0.032744194600046246,0.0003561535682814896,1.0,0.022133011266458755,0.0001765376824506971,1.0,0.024294600519582148,0.0004963172277329617,1.0,0.015808500930194754,0.000264713740695555,1.0,0.013898729778491194,0.0003740185746476771,1.0,0.008939962169572031,5.903546319859728e-05,1.0,0.01880273878718723,0.00016020510391211222,1000_samples:val_20%
lr0.10_decay5pct_bs16_layers100-30-15-3,1.0,0.03648017533576368,0.0005622583479877566,1.0,0.031407447681847375,0.000631689085478051,0.43333333333333335,0.11210049124233457,0.10775319832137446,1.0,0.03055791183849126,0.00032642376763464064,1.0,0.0368126989349597,0.00046002211995491176,1.0,0.03127629437298493,0.0003108738547851688,1.0,0.028047914317365908,0.0002988659655770361,1.0,0.01493005999775897,0.00010740788741469243,1.0,0.025329840679392222,0.00027242770265507713,1000_samples:val_20%
lr0.10_decay5pct_bs8_layers100-30-15-3,1.0,0.030534605375060666,0.00038803784955131654,1.0,0.030572241493526622,0.00028296113451523427,1.0,0.03275922002557431,0.00035738990856082657,1.0,0.02294450519336489,0.0001764725281121528,1.0,0.02222534643924444,0.0001523886020218195,0.9933333333333333,0.026272762669647183,0.0014062955140831481,1.0,0.013221086136284812,0.00038284226874036925,1.0,0.016693585384986068,0.00017999418676924902,1.0,0.011980986702909587,5.555149124288138e-05,1000_samples:val_30%
lr0.10_decay1pct_bs16_layers100-30-10-3,1.0,0.03719386769358194,0.0005160458172822698,0.35,0.10819764955596702,0.10493934230913196,0.6,0.10304870287711992,0.09042992677254538,1.0,0.03073501084101194,0.0004095822508899954,1.0,0.03032071217992916,0.000865294964898623,0.9933333333333333,0.032228906252176524,0.0019328538956791888,1.0,0.024646059382761383,0.0002981410602530251,1.0,0.01931846423896063,0.0013591041754512396,1.0,0.011938594980674452,8.932547964399853e-05,1000_samples:val_30%
lr0.10_decay1pct_bs8_layers100-30-10-3,1.0,0.029999432043782595,0.0003789435451504085,1.0,0.025363277597153365,0.00042292377518306977,1.0,0.04431963855702224,0.0017430436840598336,1.0,0.015790347333042642,0.00014484217804108113,1.0,0.012005615053090323,8.8003239923821e-05,1.0,0.021238060732250357,0.002403685040155777,1.0,0.018001817350323548,0.00014664972001504815,1.0,0.013485399707516266,0.0001900112246724079,1.0,0.014759476843225976,0.00016023803234281982,500_samples:val_20%
lr0.10_decay2pct_bs16_layers100-30-10-3,1.0,0.038849592799341026,0.0005274375287404136,0.25,0.11177652686040637,0.10814707092073657,1.0,0.03624594293194396,0.0005049767891281855,1.0,0.03773361249640726,0.0008877216029912121,1.0,0.026298662398328333,0.0006949452829489245,1.0,0.03543592601581522,0.0016973466896228857,1.0,0.01888272532810916,0.00030637408281416155,1.0,0.013148939807185255,5.779550054451072e-05,1.0,0.022822936569558062,0.00047722679825141535,1000_samples:val_20%
lr0.10_decay2pct_bs8_layers100-30-10-3,1.0,0.03312132071189991,0.00039815924724670985,0.25,0.11395288669849928,0.10998102074599195,1.0,0.047115790952905766,0.0015577373695613757,1.0,0.018318527252481974,0.00014280461929482653,1.0,0.028536610087794997,0.0005276905791205113,1.0,0.016326689347572844,0.00011962153246589117,1.0,0.01987816196364365,0.0009497304156992917,1.0,0.00961202478065296,0.00011442711881101203,0.9966666666666667,0.008730406725084145,0.000493436537360625,1000_samples:val_30%
lr0.10_decay5pct_bs16_layers100-30-10-3,1.0,0.03979057494879104,0.0005317167051953054,1.0,0.046068888155938736,0.0023544401468482334,1.0,0.0614970006681637,0.011021195548742266,1.0,0.015391778630250324,0.00011525468123442014,1.0,0.03423203854031357,0.000490148971942896,1.0,0.021678411257505928,0.0001953064894748193,0.99,0.027564860922980314,0.0017502707764548335,0.995,0.020930846504222302,0.0007503613998480287,1.0,0.027387977699019305,0.0004448978350191181,500_samples:val_10%
lr0.10_decay5pct_bs8_layers100-30-10-3,1.0,0.034477725286857996,0.0003885287273330658,1.0,0.03306750282101689,0.000569283996746409,1.0,0.031269427682436936,0.0002727650125111468,1.0,0.015928779525376257,0.00013776800255194515,1.0,0.026902541283143996,0.0002032423714012438,0.9933333333333333,0.023622515192792445,0.0013793778928774497,1.0,0.013577313701722035,0.00012212144255040685,1.0,0.01551782205124744,0.0001331939800303,1.0,0.01584505812997674,0.00021655957583884269,1000_samples:val_10%
lr0.10_decay1pct_bs16_layers100-30-5-3,1.0,0.05696733689742539,0.004826102850600159,1.0,0.08747268912034185,0.06154514426174933,1.0,0.08342084271707208,0.06639645823941928,1.0,0.02274907640629239,0.001254213393180759,1.0,0.03672309609345522,0.0012566290302298251,0.9866666666666667,0.04337671607763312,0.00789018457608034,0.98,0.014841105975563451,0.004282716598594174,0.965,0.02075340021502495,0.011577204469581881,1.0,0.02242338926030989,0.0009126669999709014,1000_samples:val_10%
lr0.10_decay1pct_bs8_layers100-30-5-3,1.0,0.042129391561166706,0.0019089095803002567,1.0,0.03547632804282192,0.0036601425356464906,1.0,0.04444473550638449,0.004087053634545224,0.96,0.01841962070151769,0.008106246620323465,0.96,0.017531823538375464,0.009633582176462619,0.98,0.008527018274367056,0.007114098979717761,1.0,0.016676394210005517,0.0008102743840122295,1.0,0.009239576098798157,0.0004917710343486436,0.9933333333333333,0.005748995717318416,0.0012371717815654105,1000_samples:val_30%
lr0.10_decay2pct_bs16_layers100-30-5-3,1.0,0.055238928896543804,0.003852927689045689,1.0,0.03823115987404785,0.0025999040513658062,0.9333333333333333,0.07937740146018209,0.03825343588166906,0.98,0.026483107404130696,0.008983913231202893,1.0,0.03177097896759371,0.0023423702191903905,0.9333333333333333,0.06904885434417209,0.05421769466018568,0.97,0.021206978851942164,0.005762328091821672,1.0,0.017066507174806796,0.0009111187095539755,1.0,0.021822508235575928,0.001570818268222126,1000_samples:val_20%
lr0.10_decay2pct_bs8_layers100-30-5-3,1.0,0.046943405752577494,0.0022535828227690713,1.0,0.058437314291947214,0.00566109769300444,0.3333333333333333,0.11279956880487288,0.11038802570555716,1.0,0.030962957309072017,0.0008824136423816341,1.0,0.031042845017793582,0.0018449734928431038,0.9933333333333333,0.02366584504256146,0.0015543403642090357,0.97,0.027093350254260212,0.00935124555670234,0.995,0.01776216994025329,0.0024976667585527236,0.9866666666666667,0.021347675893779387,0.0030196236677681137,1000_samples:val_20%
lr0.10_decay5pct_bs16_layers100-30-5-3,1.0,0.05383155547404655,0.003277489484065744,0.25,0.11954248618089731,0.11283227303193799,1.0,0.0776917856986546,0.0492368819207124,1.0,0.029862934389025084,0.0008923360449373509,0.94,0.05338337268234725,0.012868976193402423,0.96,0.07363938053138888,0.05655113162982301,1.0,0.03483746422651312,0.001601829013974255,0.99,0.034398954091109074,0.004994849781157204,0.9966666666666667,0.026418205067489063,0.0019694879789500077,1000_samples:val_30%
lr0.10_decay5pct_bs8_layers100-30-5-3,1.0,0.053122847945223886,0.0031865438185290466,1.0,0.051027514388476615,0.005225547751237363,0.6,0.08598510963223824,0.0647113141972115,1.0,0.02402603851853772,0.0007278837781795225,1.0,0.024415231502684768,0.0008979965847323305,1.0,0.0348186022923827,0.002708872878552892,0.99,0.008331628721640848,0.0032452402796408525,1.0,0.013249725884781603,0.0009298132157099258,1.0,0.02007089736159369,0.00043160550386553735,1000_samples:val_10%
lr0.10_decay1pct_bs16_layers100-20-25-3,1.0,0.0331240830193054,0.00042030675298049356,0.25,0.10964725498730586,0.1086980001558315,1.0,0.038350750308684525,0.0008262755442101715,1.0,0.029255899670934244,0.0003997796375291992,1.0,0.023371769837560372,0.00018560700111169763,1.0,0.023764681982541797,0.00036979877227776215,1.0,0.013815975649368515,0.00015109233357845901,1.0,0.02340112940263447,0.00042408576978128655,1.0,0.011989191048327888,7.263682643798744e-05,1000_samples:val_30%
lr0.10_decay1pct_bs8_layers100-20-25-3,1.0,0.02626587221591448,0.0003101024706218014,1.0,0.02384090734841272,0.0003071395823278125,1.0,0.025801851064565427,0.00024349045090248217,1.0,0.014576838002007592,3.203196707765978e-05,1.0,0.012740313991017514,5.947567595060758e-05,1.0,0.015459004999400073,7.032628250276215e-05,1.0,0.010778884914390012,3.88818411746381e-05,1.0,0.012050086962497803,6.899570565839116e-05,1.0,0.01194348051613427,3.7163457235997914e-05,1000_samples:val_10%
lr0.10_decay2pct_bs16_layers100-20-25-3,1.0,0.034928850322851306,0.00043018099736015383,0.3,0.10978122232500068,0.10739585395389709,1.0,0.039707736614359064,0.0005295144830943407,1.0,0.021718558108814175,7.614979473175711e-05,1.0,0.01933172581284438,5.923088154663551e-05,1.0,0.025341089878517874,0.00011543568247024935,1.0,0.016664400024390822,5.963939359878613e-05,1.0,0.014256103919840446,6.597529374593088e-05,1.0,0.02053962095945791,0.0002660768955753928,1000_samples:val_20%
lr0.10_decay2pct_bs8_layers100-20-25-3,1.0,0.029540319348189792,0.00032200635104347945,1.0,0.02941859969509098,0.00038902058599826197,1.0,0.03145677568326585,0.0004330213499968713,1.0,0.01846272129867478,0.00012611985450949152,1.0,0.013368458025497756,3.959216277746852e-05,1.0,0.020425319473592565,0.0006155242328405705,1.0,0.011960794210266622,6.399346841018427e-05,1.0,0.010634421642919917,7.413721213813053e-05,1.0,0.01147019885263185,4.9262485838682934e-05,1000_samples:val_20%
lr0.10_decay5pct_bs16_layers100-20-25-3,0.2,0.11418586050175658,0.11032864775316306,0.7,0.10719296158657517,0.10220704891779002,1.0,0.03469040784597233,0.0004659049015902113,1.0,0.022936328282048522,6.970011200562174e-05,1.0,0.027830853417163567,0.00016797079523406095,1.0,0.03102700950105244,0.0004374515739594857,1.0,0.017374746009243183,0.00015191480012474636,1.0,0.016221056604132103,6.0954621843910104e-05,1.0,0.030708101697590477,0.0002818282649620412,1000_samples:val_20%
lr0.10_decay5pct_bs8_layers100-20-25-3,1.0,0.030689258491061577,0.00031789220194927296,0.25,0.10819254858949423,0.10576692269067871,1.0,0.033361415718481724,0.00021767476229904193,1.0,0.02413876925709358,0.0001335497051865814,1.0,0.024564023215772578,0.00012404730594432002,1.0,0.028439877856316142,0.00025864680091541593,1.0,0.014631735904282935,7.321687566545991e-05,1.0,0.015306922894704741,4.659780501229076e-05,1.0,0.017694496306756517,4.5229101738573204e-05,1000_samples:val_10%
lr0.10_decay1pct_bs16_layers100-20-20-3,1.0,0.02900689402736383,0.0005692333318214518,0.65,0.10937896788612005,0.10540429694632925,1.0,0.03644955569322856,0.0004673507801699642,1.0,0.01716844404261867,0.00011150768378488297,1.0,0.022266547786374703,0.00017454850517433046,1.0,0.01580822328227967,0.00018235310581462614,1.0,0.018277829856438388,0.000665036002530603,1.0,0.01193640368934827,6.690769793403663e-05,1.0,0.013622002740538514,5.871694290953059e-05,1000_samples:val_20%
lr0.10_decay1pct_bs8_layers100-20-20-3,1.0,0.02394193257642556,0.00044580613921002684,1.0,0.027065695005281807,0.00026709941996624984,1.0,0.028442269502732927,0.0002351215969333786,1.0,0.014879354210215792,6.37485292246231e-05,1.0,0.015285564774047695,5.632215124833088e-05,1.0,0.020218352511035678,0.00015603927227306498,1.0,0.01288917843973852,0.000598384198286549,1.0,0.02564773105466462,0.00017303891722919402,1.0,0.009434317781383221,9.208789397195223e-05,1000_samples:val_30%
lr0.10_decay2pct_bs16_layers100-20-20-3,1.0,0.03060123192650058,0.0005840098705569379,1.0,0.03844199141673959,0.0005102585438935776,0.9333333333333333,0.09182913294754082,0.0671760886983278,1.0,0.02206294087415754,0.00011468514938076612,1.0,0.02266656674715693,0.00012209911486496004,1.0,0.03307427147347104,0.0014503405643145476,1.0,0.015022715420666346,0.0012727240630140268,1.0,0.01728806921239249,0.00038770589802803823,1.0,0.016667497874639982,0.00012532411584708172,1000_samples:val_10%
lr0.10_decay2pct_bs8_layers100-20-20-3,1.0,0.026269371636728777,0.0004564372564460184,1.0,0.03654473097010531,0.0004827646127019145,1.0,0.029620533848000397,0.00031373866955643675,1.0,0.01474747511256457,6.121066135619993e-05,1.0,0.024163795369247086,0.0003458359565935997,0.9933333333333333,0.014029389686050341,0.0015329812658335011,1.0,0.01116298203244508,5.774409242676237e-05,1.0,0.01215391736376707,0.00012841651111458415,1.0,0.01492804606489456,0.00010212329220617878,1000_samples:val_10%
lr0.10_decay5pct_bs16_layers100-20-20-3,0.2,0.11245707570086097,0.10912498739714864,0.6,0.10849409945419217,0.10768450054491563,0.5333333333333333,0.1096915737598325,0.10683478937599837,1.0,0.03144641079460796,0.00019038970369225267,1.0,0.02135724349620843,0.00011870367176397692,1.0,0.027484919049577654,0.0008359979481676856,1.0,0.016897399353928554,0.00012569632020263346,1.0,0.017596580056100496,0.00012763477480798497,1.0,0.01823045196394062,0.000193270484855479,1000_samples:val_10%
lr0.10_decay5pct_bs8_layers100-20-20-3,1.0,0.027504136460583715,0.0004551100646708374,1.0,0.03330700456154936,0.00033203976732146777,1.0,0.03465516566029619,0.00022966486241687812,1.0,0.012616506154954254,4.979201288401718e-05,1.0,0.017309375311601524,6.258696355634815e-05,1.0,0.019387779363912505,0.0002990874552667412,1.0,0.013669240772048022,0.00011035269385221428,1.0,0.012309772296077425,7.578280904457984e-05,1.0,0.02585672560903234,0.0005616342929902466,1000_samples:val_20%
lr0.10_decay1pct_bs16_layers100-20-15-3,1.0,0.03314577327355376,0.0023105103003560755,1.0,0.03158678276517685,0.0003904709801531271,1.0,0.04043042722612581,0.001072172680886213,1.0,0.015683859519578253,0.00012457449578179468,1.0,0.022261766816712075,0.0002696403393083106,1.0,0.022503203336774504,0.00021820488908297968,1.0,0.018236261137165012,0.0004172588458414776,0.995,0.028829590363599233,0.002323039916427381,1.0,0.019308850082995637,0.00034090638007109957,500_samples:val_10%
lr0.10_decay1pct_bs8_layers100-20-15-3,1.0,0.026793777860823764,0.002113909068949112,1.0,0.02697625227748945,0.0004796830961168631,1.0,0.027202924271114235,0.0005185747056537722,1.0,0.0173647120286642,0.00011113268809510966,1.0,0.023833116962667794,0.0007885210640233476,1.0,0.019718496699731292,0.00030531980710351127,1.0,0.01190306683812371,0.000250873801635895,1.0,0.012171476185735254,9.357611309163518e-05,1.0,0.017026199739411867,0.0003928266171366175,1000_samples:val_10%
lr0.10_decay2pct_bs16_layers100-20-15-3,0.2,0.11645916782705101,0.11192672893945202,1.0,0.03681521161024804,0.0010474345748401957,1.0,0.039172435647525844,0.0003652652770661714,1.0,0.026366225384650346,0.0003210900281720405,1.0,0.022903193290280666,0.00021977995160475772,1.0,0.02462824503082461,0.0006045449609543941,1.0,0.01830265235330281,0.00015024132718759048,1.0,0.014747709235521874,0.00013198702255250928,1.0,0.014374473711666882,0.0001838259412606135,1000_samples:val_30%
lr0.10_decay2pct_bs8_layers100-20-15-3,1.0,0.030372573140372828,0.0021518535518840498,1.0,0.028628491691832715,0.0004635116351954939,1.0,0.03834100782531865,0.001101917279698611,1.0,0.016482715554797692,4.58626831059697e-05,1.0,0.023758026863354025,0.0003047407794650559,1.0,0.02071430758716918,0.00024455275974793024,1.0,0.0125380093431461,0.0003287578502073979,1.0,0.01101971411634754,0.0001852431529622759,1.0,0.011756817904662122,3.276435387186676e-05,1000_samples:val_20%
lr0.10_decay5pct_bs16_layers100-20-15-3,1.0,0.0340499771144838,0.0022293551403503704,1.0,0.03300698880732006,0.0003482345308057515,1.0,0.07443295809220053,0.03230506075804287,1.0,0.0273774418524887,0.0003492499154708182,1.0,0.03325028272537437,0.0016835396635041181,1.0,0.026037985132451966,0.0001659589488331871,1.0,0.0291058829749208,0.00046249239713316083,1.0,0.014791348875507251,5.950991125827369e-05,1.0,0.016720888087429726,9.444069431822249e-05,1000_samples:val_20%
lr0.10_decay5pct_bs8_layers100-20-15-3,1.0,0.032717762678935176,0.0021838715767920213,1.0,0.030418012317008934,0.00048121918793961034,1.0,0.034119864267761944,0.0007943221886851276,1.0,0.021361437236635947,0.0002882670351656054,1.0,0.02019137303563641,6.105778625811978e-05,1.0,0.018581434294135588,9.789917152755815e-05,1.0,0.012921176965116828,3.7983174799385584e-05,1.0,0.01387645003618065,5.013772868052218e-05,1.0,0.012318205388071515,0.00012349638978637054,1000_samples:val_30%
lr0.10_decay1pct_bs16_layers100-20-10-3,1.0,0.041616151450474835,0.0018994083863043006,1.0,0.036303904826642815,0.0010301059044765318,0.36666666666666664,0.11320467257943785,0.11043675916565929,1.0,0.01803343325343749,0.00029577303007093927,1.0,0.021872150160493542,0.00023321554978940738,1.0,0.025518446529129473,0.0008014254528261092,1.0,0.012996049786864541,0.0005101898247050974,1.0,0.017686022407517876,0.0002561576558795682,1.0,0.018174357713588937,0.001021724041609613,1000_samples:val_10%
lr0.10_decay1pct_bs8_layers100-20-10-3,1.0,0.0416311391414087,0.0023265136718910785,1.0,0.029526363477917372,0.00045680275571454234,1.0,0.0386324044307505,0.00115280377914802,1.0,0.012285623978267027,7.148061981790139e-05,1.0,0.022360899624279125,0.0002499318164568404,0.9933333333333333,0.017691714056582493,0.000889465901597474,0.99,0.007905822900253266,0.0018898901613075977,1.0,0.008296635766682348,0.00010565990440516207,1.0,0.019904107178114416,0.00018370815121915372,1000_samples:val_10%
lr0.10_decay2pct_bs16_layers100-20-10-3,1.0,0.043783491544983774,0.0020259824496399433,1.0,0.03814357523051608,0.0010665436611184509,0.3333333333333333,0.11433378039460375,0.11223668758435251,1.0,0.021678607312075947,0.0002413185371184589,1.0,0.04331712861863112,0.0025220825733895504,1.0,0.02469377705881392,0.0003028743582893156,1.0,0.02230213822841632,0.001297294556160759,0.995,0.024630447800302425,0.00149974416768839,1.0,0.01929174691706423,0.0004250613100116533,1000_samples:val_30%
lr0.10_decay2pct_bs8_layers100-20-10-3,1.0,0.041114885731237116,0.0018657789924583158,1.0,0.04083396244239726,0.0018582189711342963,1.0,0.03855080726885298,0.0013025109613543535,1.0,0.025792067366724587,0.0020838022589440633,1.0,0.01452045716999506,0.00024706206094719845,1.0,0.0202368762008707,0.00017453463747776844,0.99,0.010819518439148334,0.0009615151330855555,1.0,0.02013446623189025,0.0001828813080330853,1.0,0.019411588034114035,0.00043399063458900036,1000_samples:val_10%
lr0.10_decay5pct_bs16_layers100-20-10-3,1.0,0.04483253263512688,0.002055718493797626,1.0,0.08691932112611875,0.061203566236130845,0.4666666666666667,0.10869197853233278,0.10919294930576776,1.0,0.0300334782242618,0.0004971432431038886,1.0,0.021184287080056183,0.00018397728019690582,1.0,0.02893519089062438,0.000545104886289236,1.0,0.026631772743085914,0.0009592010074436024,1.0,0.018536910397628774,0.00017365785867563908,1.0,0.0329623299821566,0.000845083351650418,1000_samples:val_20%
lr0.10_decay5pct_bs8_layers100-20-10-3,1.0,0.045553627587766043,0.0022913345453801567,1.0,0.02519803973789636,0.0002697234091149373,1.0,0.043435227177581213,0.0013291146887282632,1.0,0.01482981196799458,7.392526635203092e-05,1.0,0.023060694817789152,0.000332623865914562,1.0,0.02017795518356819,9.883065810059156e-05,1.0,0.01461289130700468,9.757772557588372e-05,1.0,0.009356758012260677,5.0804780858299756e-05,1.0,0.013641799662701008,9.948564951180851e-05,1000_samples:val_20%
lr0.10_decay1pct_bs16_layers100-20-5-3,0.2,0.11424079945736428,0.11268853245193915,0.25,0.11430024117580151,0.10914409731871019,0.6333333333333333,0.09151751797061249,0.07127840005848086,1.0,0.02457809666656083,0.000526810602632186,1.0,0.03382371696541832,0.0018678225089398279,1.0,0.020924820801424566,0.0004990644950463271,1.0,0.037132936289575466,0.0030178201876880553,1.0,0.016724938049030025,0.000190982376438976,1.0,0.016362771603399884,0.00018027330743107143,1000_samples:val_30%
lr0.10_decay1pct_bs8_layers100-20-5-3,1.0,0.03145311329851386,0.0028338319189952273,1.0,0.03216407023169902,0.0008848362549263285,0.7,0.07868588230752459,0.06499337218275252,1.0,0.025157995792332355,0.0012185932593360936,0.68,0.07522446470053856,0.06369133261255942,1.0,0.030617260932127844,0.0018466181953324117,0.97,0.012277830808181994,0.00926192373594335,1.0,0.016849276480574982,0.0009032511563120692,0.9933333333333333,0.008668833647694408,0.0015309163960087245,1000_samples:val_30%
lr0.10_decay2pct_bs16_layers100-20-5-3,1.0,0.03747494063727065,0.0031592623512101308,1.0,0.05916621880011933,0.019315867928685625,0.8333333333333334,0.0875269991715564,0.06826118750736317,1.0,0.03529969285198177,0.0015802519499173192,0.99,0.0423537650005381,0.006785359185623477,0.9666666666666667,0.04467204276906406,0.012464496190539975,0.98,0.024906833272372992,0.004503890480629813,0.98,0.022059936133690755,0.007433460207836193,0.99,0.024945847584363943,0.002570927503950074,1000_samples:val_20%
lr0.10_decay2pct_bs8_layers100-20-5-3,0.2,0.1133182719328866,0.11087220058083011,1.0,0.062205216072900735,0.019869821573249354,1.0,0.04277609760079268,0.005764799168859153,1.0,0.013797366315971147,0.00015823187946075197,0.97,0.026717821358296583,0.009677542917596425,0.9933333333333333,0.010470267216705959,0.001691777681895932,0.96,0.03027201257109328,0.013146760086778448,1.0,0.011150503076000426,0.00044822138061286013,0.9533333333333334,0.023691800835645087,0.013597374828725245,500_samples:val_30%
lr0.10_decay5pct_bs16_layers100-20-5-3,1.0,0.03834736053332674,0.0031847112480048465,1.0,0.06400600458589621,0.02236619445823902,1.0,0.08770495893060341,0.0631480366497029,1.0,0.034853518710563636,0.002556896777948571,1.0,0.031019715472752476,0.0012059369103749273,0.7,0.07545072973990334,0.057116977997171976,0.99,0.031128705070365973,0.0033214203157456235,0.98,0.019577783047872103,0.006532153852548579,0.99,0.01365678646413585,0.0039811537081381725,1000_samples:val_30%
lr0.10_decay5pct_bs8_layers100-20-5-3,1.0,0.03578148581847491,0.0029070767420911687,1.0,0.0331442392586717,0.0008713920453704185,0.9666666666666667,0.05563643255962188,0.01927019487340319,1.0,0.013055864342295475,0.00016813336045521217,1.0,0.020745653025852403,0.00042244122234430493,0.9866666666666667,0.037230193741853254,0.0052061749872203055,1.0,0.023888375183753367,0.0014261550858422087,0.975,0.010949545853717753,0.007391671027211485,0.9966666666666667,0.013798268174295742,0.001090103349367709,1000_samples:val_20%
lr0.10_decay1pct_bs16_layers100-10-25-3,1.0,0.029450246200620832,0.00035584670773128004,0.25,0.11342306721782305,0.11041968478219903,0.7666666666666667,0.11158621123404203,0.10742458640936718,1.0,0.03501119952647116,0.00044265915261321257,1.0,0.030257470742167957,0.0013940029523079047,0.9933333333333333,0.031120727499260967,0.0027409085120173285,1.0,0.027630535765195023,0.000578340347030511,1.0,0.02159131556056039,0.00021669287374307715,1.0,0.02551983685103342,0.00026892930653777785,1000_samples:val_20%
lr0.10_decay1pct_bs8_layers100-10-25-3,1.0,0.030107785429184665,0.0005503967721779006,1.0,0.07890777309004268,0.0548503884883745,1.0,0.039966470631725766,0.0012293054098978606,1.0,0.02560686258178698,0.00011833503752720217,1.0,0.04137377649883742,0.002170485793148542,1.0,0.024298703428242717,0.0002872344568279541,1.0,0.010816642509256102,0.0005259036177556153,1.0,0.014544961274111614,0.0004549010194149087,1.0,0.016971393845728346,0.00010281806594203696,1000_samples:val_10%
lr0.10_decay2pct_bs16_layers100-10-25-3,1.0,0.031499761524814894,0.0003823889986373563,0.25,0.11149862116841643,0.10977002108331357,1.0,0.037885401015920785,0.0004069906896837428,1.0,0.022673641709229475,0.0001094008570977542,1.0,0.02702373093308083,0.00018866493679312287,0.9933333333333333,0.0472696694965175,0.0032141925336900998,1.0,0.021576864876334,0.0006174960455925824,1.0,0.02514487030740653,0.0004575340900580737,1.0,0.025242040894661137,0.0005441972259970937,1000_samples:val_10%
lr0.10_decay2pct_bs8_layers100-10-25-3,1.0,0.02602167222676249,0.00022461520345649658,1.0,0.03407713599841898,0.00042139177094382334,0.7,0.11106066806428051,0.10833340756389345,1.0,0.018225028682509282,0.00010369893173251186,1.0,0.02061612685601205,0.00010718474325084723,0.9933333333333333,0.03853854629213915,0.004637900751432169,1.0,0.020679001967048496,0.00011994618837813024,1.0,0.013074507413096527,0.00019582891648341948,1.0,0.02739361502819753,0.0005402634890586522,1000_samples:val_20%
lr0.10_decay5pct_bs16_layers100-10-25-3,1.0,0.03275752517184981,0.0003995843372483582,0.25,0.11173912776579326,0.10992119772663438,0.5333333333333333,0.10882559702638825,0.10606674266227453,1.0,0.03331855926668009,0.00017296753158878257,1.0,0.028388446133603782,0.00023423282680990848,1.0,0.03222666974956957,0.0004526812287575903,1.0,0.024095606304757752,0.00016402558263803216,1.0,0.027822976716065387,0.00021088390459307358,1.0,0.030696643941705837,0.0005300588812299126,1000_samples:val_10%
lr0.10_decay5pct_bs8_layers100-10-25-3,1.0,0.02819162559609434,0.00024101875360122696,0.3,0.10904803554948884,0.10617014625116102,1.0,0.03203684773302985,0.00021459291704111575,1.0,0.02012984933380172,6.891294170338712e-05,1.0,0.026433913238947015,0.00032632585987999797,1.0,0.03329119134059105,0.0003909900315429768,1.0,0.01970153929698974,0.0005557662200276697,1.0,0.01999939161681696,0.0002694307096029456,1.0,0.019389892453006975,0.00022401732353101504,1000_samples:val_30%
lr0.10_decay1pct_bs16_layers100-10-20-3,1.0,0.036337230643253095,0.0009538600567078213,0.25,0.11278102324834126,0.11123724059328818,0.7333333333333333,0.08650469508116819,0.064331247578177,1.0,0.026176854107832225,0.0001227736043363746,1.0,0.015807624693452503,0.00013236301370529377,1.0,0.029203731678441033,0.0008826856145340376,0.99,0.02341939366152844,0.0015167754881763962,1.0,0.024826147547570444,0.0006827718851232545,1.0,0.023959655195741097,0.0005804979355242836,500_samples:val_20%
lr0.10_decay1pct_bs8_layers100-10-20-3,1.0,0.02810639119880914,0.0006528163590781876,1.0,0.02963842432096205,0.0003656599741935206,0.9666666666666667,0.0395726853194278,0.0040552875078318455,1.0,0.011790660833262419,3.3488876084383385e-05,1.0,0.0244328482874888,0.0006928069993043175,1.0,0.015581506220500379,0.00013564341881129875,0.99,0.010021830170337342,0.0017014303909769568,1.0,0.023295854540081314,0.00045531284039370177,1.0,0.016876651516361536,0.0006147530715069866,1000_samples:val_10%
lr0.10_decay2pct_bs16_layers100-10-20-3,0.2,0.11355577455314106,0.10989530135805343,0.25,0.10960645025171513,0.10772232407930116,0.36666666666666664,0.11185126080999667,0.10964078671378832,1.0,0.03426737723829043,0.0005275659386876287,1.0,0.027572462983757158,0.00013985309531314562,1.0,0.035119743058391786,0.00031701309676852505,1.0,0.017161696963995988,0.0001567602490948672,1.0,0.03359792545403121,0.00030817278427164004,1.0,0.0214256981941068,0.0003507674664648661,1000_samples:val_10%
lr0.10_decay2pct_bs8_layers100-10-20-3,0.2,0.11410891502699498,0.1121503598306246,1.0,0.033496892630160625,0.0003297278761586342,1.0,0.09514724313571493,0.0680485906698868,1.0,0.0211171520320035,0.00017576231529142187,1.0,0.029549526094738956,0.0007677134244293748,0.9933333333333333,0.033616559682732035,0.0028508734799591443,0.98,0.03250377296638386,0.007306472594014654,0.995,0.01859171261682959,0.0008174476174932624,0.9966666666666667,0.020257385070489683,0.0008517534251040462,1000_samples:val_20%
lr0.10_decay5pct_bs16_layers100-10-20-3,0.2,0.11520919793828058,0.11235404361294747,1.0,0.04034724410605935,0.0010559301004196089,0.5,0.11214737359928907,0.10937325760086529,1.0,0.03242605249630506,0.00021746139738020357,1.0,0.04746038295619382,0.001068281138396502,1.0,0.03389168192903989,0.0007430640331635884,1.0,0.02936196321062962,0.0012240884579213737,1.0,0.027971522436974677,0.0005262740845338713,1.0,0.018191856244022742,8.082359380420035e-05,1000_samples:val_30%
lr0.10_decay5pct_bs8_layers100-10-20-3,1.0,0.03230907364953966,0.000678023367753297,0.95,0.04740213718236473,0.008523617613516022,0.5333333333333333,0.09170626456021685,0.0699865582073069,1.0,0.02594411406712439,0.00019105337278439076,1.0,0.019609912709080322,0.00016729510759542978,1.0,0.025789023027958685,0.00011861020741814436,1.0,0.02270549231252883,0.0011438289131758077,1.0,0.023761266017447196,0.0013055496923320778,1.0,0.037030664527244815,0.0013964488720622837,500_samples:val_20%
lr0.10_decay1pct_bs16_layers100-10-15-3,0.6,0.07710745832701857,0.049836117380814185,1.0,0.04484479224924857,0.0058538292731178726,1.0,0.0378239656110848,0.0006446118005667904,1.0,0.027012500161927286,0.0002584473459876303,1.0,0.017938205317212554,0.00016353443751540597,1.0,0.02642434125631462,0.0006839667588946492,1.0,0.024454243350181686,0.0012586386509240114,1.0,0.022905309531773096,0.00036612306726609514,1.0,0.02626828075671134,0.0006842981873665454,500_samples:val_20%
lr0.10_decay1pct_bs8_layers100-10-15-3,1.0,0.029160766101691524,0.0009703651553751148,1.0,0.038018864402551394,0.00038388721255797363,1.0,0.03908152244178259,0.0020341029449360273,1.0,0.014474618770674049,9.31699587251815e-05,1.0,0.018813859167541924,0.00027326243779971274,1.0,0.0305819049204518,0.0007116921640834155,1.0,0.020567094776282307,0.001045899420944782,0.995,0.011944576564232163,0.001206738108105533,1.0,0.01725978339957824,0.00035822828566526454,1000_samples:val_20%
lr0.10_decay2pct_bs16_layers100-10-15-3,0.2,0.11315424711786014,0.11323312045644311,0.25,0.11595555017764811,0.11168729584403854,0.4,0.11328045311394705,0.10901890705542681,1.0,0.02310635076715926,0.0004904164324087907,0.68,0.07783912928533522,0.06290130025920176,1.0,0.024502163931220632,0.00016082903178303982,0.99,0.020538458178993104,0.0020337423867660717,1.0,0.014719600455383858,9.66419585442451e-05,1.0,0.01799367322828453,8.24775152925961e-05,1000_samples:val_20%
lr0.10_decay2pct_bs8_layers100-10-15-3,1.0,0.030999934414128915,0.0010199567031069735,1.0,0.05008026253688727,0.0027451050642563436,1.0,0.08068386202677964,0.05857569425757129,1.0,0.01940460082284978,0.00013331613371731784,1.0,0.021165788255924762,9.486904282645094e-05,0.9933333333333333,0.02240421737735654,0.0010912979812964464,1.0,0.015838576447816,0.00047622688215964124,1.0,0.019917472290600983,0.00035281497428251677,1.0,0.011953937410152595,8.085330748395343e-05,1000_samples:val_30%
lr0.10_decay5pct_bs16_layers100-10-15-3,0.2,0.113047440913246,0.11189832775158734,0.25,0.11210302950536614,0.10673219438067458,0.6666666666666666,0.08694631115406942,0.06287581144551431,1.0,0.02933233370838294,0.00047994492851114573,1.0,0.03417730186343399,0.00013920814820167366,1.0,0.031755499083977304,0.0008268613075654315,1.0,0.025712471122782257,0.0003969273566702063,1.0,0.020015403293803708,0.00037170336546987585,0.9966666666666667,0.030196864417860184,0.0006082475838412447,1000_samples:val_20%
lr0.10_decay5pct_bs8_layers100-10-15-3,1.0,0.03215336693710255,0.0009814071532133224,1.0,0.04213329270638593,0.0019531490574291135,1.0,0.030238493634888633,0.0002880543494914123,1.0,0.022586864701421287,0.00015916607792458486,0.68,0.07603875344582194,0.06305078186259508,1.0,0.023474492428816496,0.0008148351223368159,1.0,0.028290412079677207,0.0010249245963807891,0.985,0.00970669177257568,0.0020840140656537987,1.0,0.01567295896313769,0.00017410626322074573,1000_samples:val_20%
lr0.10_decay1pct_bs16_layers100-10-10-3,0.2,0.11605781684039962,0.11507588296475398,0.95,0.06441429917906633,0.01953342286532197,0.3333333333333333,0.11633210846787141,0.110395815483583,1.0,0.04325588005745644,0.0016749147452210706,1.0,0.039832368929759526,0.005011609477327301,1.0,0.030616708875985152,0.0005181592791679351,1.0,0.01930932423811391,0.0004598656171369255,1.0,0.02548875368158608,0.0002895578806677847,0.9966666666666667,0.02887912913927083,0.002744089476874951,1000_samples:val_10%
lr0.10_decay1pct_bs8_layers100-10-10-3,1.0,0.03143356482803735,0.00023355181591660758,0.25,0.11403214374597653,0.10993116294206247,1.0,0.03062068351665899,0.0016883081157767859,1.0,0.026945817863480683,0.0004813301863658006,1.0,0.021635969253889026,0.0001069892170647544,0.9933333333333333,0.02226288707294024,0.001416433031457691,0.99,0.013987440654691305,0.0021222436150036845,1.0,0.01057082748487024,0.0001527386833833406,1.0,0.0157543723169531,0.00011150866222242049,1000_samples:val_20%
lr0.10_decay2pct_bs16_layers100-10-10-3,0.2,0.11594052041858294,0.1151631415472703,0.6,0.11601285583573744,0.10871283301001514,1.0,0.08444602415409552,0.060048537878689585,1.0,0.03416357826964347,0.0007068890390914868,1.0,0.031728696643012436,0.0008142301049003758,1.0,0.040312893428017985,0.0034965574677168093,1.0,0.02002141257164716,0.001473650887700075,1.0,0.01443019906024613,0.00018610564471348217,0.9966666666666667,0.022307344761545823,0.0013169417823141335,1000_samples:val_20%
lr0.10_decay2pct_bs8_layers100-10-10-3,1.0,0.03284379615421443,0.00022855613623738047,1.0,0.02819047996785161,0.00025867810234323136,1.0,0.03892478784492959,0.0016286904078717868,1.0,0.035071693183095894,0.000504159084361601,1.0,0.018711598772540958,0.00023157167892681022,1.0,0.02700775283811134,0.0006743292504219127,0.98,0.024359747593590216,0.0044095455504350204,1.0,0.022498687437631115,9.621774128346119e-05,1.0,0.016798657866441014,0.00024303313419265796,1000_samples:val_30%
lr0.10_decay5pct_bs16_layers100-10-10-3,0.2,0.1156097900140968,0.1145225644852508,1.0,0.030674428524341418,0.0012688936525370891,0.5666666666666667,0.0850035190524507,0.06532518534194277,1.0,0.03829595783564216,0.0007221180705259912,1.0,0.0375434806670415,0.0019405978962293827,0.9933333333333333,0.0440591764296096,0.004022413052073762,1.0,0.031510117680881154,0.0009121022853302342,1.0,0.028642429538528892,0.0005786804414505933,1.0,0.029699788321175622,0.0005206376293704139,1000_samples:val_20%
lr0.10_decay5pct_bs8_layers100-10-10-3,1.0,0.03369767838267517,0.00022686106593058577,1.0,0.029611213678664566,0.00024596110096064403,1.0,0.04528830453089554,0.0025578950305397458,1.0,0.020873039088858396,0.00037447454308665846,1.0,0.03714547652125962,0.0003004488124933776,0.9933333333333333,0.032488684868186866,0.0011507741579433214,1.0,0.012570824497952807,3.6066330609411304e-05,0.99,0.023131808591368465,0.0018153420926762733,1.0,0.031704633592801686,0.00024546600632589604,1000_samples:val_10%
lr0.10_decay1pct_bs16_layers100-10-5-3,0.2,0.11657038297734791,0.11294217180596648,1.0,0.025194609260435492,0.0006091609148280833,1.0,0.03418720149635105,0.0036317051031887634,1.0,0.046347231309133895,0.0031963721692728473,0.68,0.07462575929402318,0.0629327406123696,0.9933333333333333,0.03865723849705086,0.0033667627874791376,0.99,0.033419623246128724,0.0037359005114520243,1.0,0.03890742259879134,0.002159126956994875,0.99,0.02203191987891297,0.0025163606700793705,1000_samples:val_30%
lr0.10_decay1pct_bs8_layers100-10-5-3,1.0,0.02903884593136873,0.00045544477020766343,1.0,0.048541642119156146,0.006035377747019144,0.5333333333333333,0.0875514869381531,0.06848756940672704,1.0,0.02826233720689652,0.001306347508217938,1.0,0.035327246281855615,0.0069039697332430264,0.9933333333333333,0.041662936327017355,0.005867451991851704,1.0,0.016088805903930126,0.001313698213173656,0.645,0.06650157482250298,0.055876879547472606,1.0,0.014117464916158616,0.00015618449622085024,1000_samples:val_30%
lr0.10_decay2pct_bs16_layers100-10-5-3,1.0,0.037264389807153124,0.0006361763049316389,0.25,0.11051216244699387,0.10751060463311965,1.0,0.03536399483614187,0.00374315427170851,1.0,0.03711565795858252,0.00044686931937661627,0.97,0.05583049613158344,0.012493488323744188,0.7266666666666667,0.06597107899675782,0.05531256491210359,0.98,0.015731303018633763,0.005001504123955173,1.0,0.017298586199778542,0.0004844071165223882,1.0,0.026722945088144354,0.0013832124611575735,1000_samples:val_10%
lr0.10_decay2pct_bs8_layers100-10-5-3,1.0,0.030990128979798758,0.0004595681885821971,0.5,0.08202872757770044,0.063336219948223,0.8,0.08607894645692377,0.06259993591403988,0.98,0.05436857630970798,0.02177032003870121,1.0,0.025316821867862212,0.0002961658333164496,0.9866666666666667,0.006956342945717911,0.00473962423443204,0.98,0.0189496923402254,0.004019099415258557,0.975,0.01927941426595729,0.005963668606528699,0.9966666666666667,0.0027671958776849365,0.0008527632164117895,1000_samples:val_30%
lr0.10_decay5pct_bs16_layers100-10-5-3,1.0,0.03800034787168373,0.0006415441140558488,1.0,0.03968863436569151,0.0025117178833990723,1.0,0.06606131690498425,0.01869735723424746,1.0,0.028733457841782127,0.000732053604116161,1.0,0.036515109263507,0.011216923598310547,0.9933333333333333,0.0643846749775755,0.02009834413139025,0.99,0.02795661909149962,0.003722636374419044,1.0,0.019608750687229073,0.0009178800981448697,1.0,0.03906089442481712,0.0014684480453860257,1000_samples:val_20%
lr0.10_decay5pct_bs8_layers100-10-5-3,1.0,0.03181751558174037,0.0004533251753939536,0.95,0.0333012016815158,0.008982665616251682,1.0,0.0468836749995261,0.0031084042641758556,1.0,0.01789243865758166,0.0003052878671204055,1.0,0.02873031934433967,0.0007484361749483103,0.9533333333333334,0.03604564123488966,0.009356089913025596,0.97,0.015733696936000414,0.00934938688566392,0.995,0.02074211637353556,0.0020694952121628088,1.0,0.023847316400156037,0.0004959308353074259,1000_samples:val_10%
